Name,Rationale,Remark
Conflict Resolution  System,"A framework Important to settle task-based, status-based and relationship based conflicts that arise in the DAO, through self and council interventions","Check this out for further details-
Conflict Resolution System  (../../../../Design%20Documents%20&%20Braindumps%2096c62424d0454ec2bd5170ad5dce5dae/Conflict%20Resolution%20System%20537ad7b9d9244f33bf8ac8f80f266504.md) 

but check out the doc beside to weigh in on sub goals"
Develop an Onboarding System- “The personal launchpad to the DreamVerse”,,"Check this out for further details + weigh in-

but check out the doc beside to weigh in on sub goals"
Develop a re-plug system for people who unplug for “”more than a month”” / to renew membership at the beginning season,,"Check this out for further details + weigh in-

but check out the doc beside to weigh in on sub goals"
Develop a Roster of action items for DEI Objectives for the next Phase,,"Check this out for further details + weigh in y’alls POV
DEI @The Dream DAO (../../../../Design%20Documents%20&%20Braindumps%2096c62424d0454ec2bd5170ad5dce5dae/DEI%20@The%20Dream%20DAO%20aefabaf28ddc426aa90245c213dfe629.md) 

but check out the doc beside to weigh in on sub goals"
Come up with a structure of events and spaces and experiences for different roles at the Dream DAO to interact + connect,,"Check this out for further details + weigh in-
Structure for Events and Spaces in Dream DAO (../../../../Design%20Documents%20&%20Braindumps%2096c62424d0454ec2bd5170ad5dce5dae/Structure%20for%20Events%20and%20Spaces%20in%20Dream%20DAO%202747bdaecf9b47bb9be81ab5960bd5f0.md) 
but check out the doc beside to weigh in on sub goals"
The Dream DAO Constitution,,"Check this out for further details + weigh in-

but check out the doc beside to weigh in on sub goals"
,,
,,