Page,Tags
Preface: Why We Launched The Dream DAO,Drafted
Dream DAO Overview,Drafted
Our Three Pillars of Empowerment,
The Dream DAO Community,Drafted
Dream DAO Programs + Grants,Drafted
The Dream DAO Merit System,Drafted
The Dream DAO Roadmap,Drafted
The Dream DAO Tech Stack,Drafted
SkywalkerZ: The Dream DAO's Flagship NFT Collection,Drafted
How The Dream DAO Can Leverage Retroactive Funding,Drafted
How The DAO Will Leverage The Power Of NFTs,Drafted
The Dream DAO Treasury,
The World We Are Striving To Build,Drafted
Open Design Questions,