Name,Last edited time
New Membership Database,"June 11, 2023 6:41 PM"
SkywalkerZ Strategy Hub,"June 9, 2023 6:39 AM"
Dream DAO CRM,"June 2, 2023 11:25 AM"
"Interest Form Responses ","April 13, 2023 8:38 PM"
"Dream DAO Voting Member List ","April 4, 2023 2:06 AM"
Dream DAO Events,"March 30, 2023 9:28 PM"
Central/Public Documentation,"March 27, 2023 8:20 PM"
Dream DAO Founding Voting Member Database/Directory,"March 27, 2023 10:06 AM"
"Dream DAO Voting Member List ","March 27, 2023 10:04 AM"
Dream Journals,"March 27, 2023 10:03 AM"
NEAR Explorers Home,"March 15, 2023 4:27 PM"
Dream DAO Learning Resources,"March 13, 2023 8:19 PM"